1	382	A0A0G2JMH3,A1A4Y4,A4D1E9,A4D1S5,A6NH57,A6NHL2,A6NIZ1,A6NNZ2,A8MTJ3,O00178,O00194,O00212,O00429,O14772,O14807,O14966,O43236,O43824,O60313,O60841,O60942,O75343,O75616,O75628,O75695,O94844,O94955,O95057,O95140,O95661,O95716,O95755,O95786,O95837,P00367,P01111,P01112,P01116,P04350,P04899,P05408,P06213,P07437,P08133,P08134,P08238,P08240,P08754,P09471,P0C0E4,P0DJR0,P0DPH7,P0DPH8,P10114,P10301,P11233,P11234,P11488,P13639,P15153,P15170,P15531,P16066,P17081,P18085,P19086,P19087,P20336,P20337,P20338,P20339,P20340,P20591,P20592,P20594,P21980,P23258,P25092,P25874,P27144,P29992,P30520,P30679,P30793,P32455,P32456,P33076,P33402,P35558,P36404,P36405,P36406,P36915,P38405,P40616,P40617,P41091,P46199,P49411,P49448,P49703,P49770,P49903,P50148,P50570,P50583,P51148,P51149,P51151,P51153,P51157,P51159,P51398,P51841,P52198,P53355,P53365,P55010,P55039,P55040,P55042,P56559,P57729,P57735,P57772,P59190,P60763,P60953,P61006,P61011,P61018,P61019,P61020,P61026,P61106,P61204,P61224,P61225,P61586,P61587,P62070,P62330,P62491,P62745,P62820,P62826,P62834,P63000,P63096,P68104,P68363,P68366,P68371,P78356,P84077,P84085,P84095,Q02108,Q02153,Q02790,Q02846,Q03113,Q05193,Q05639,Q07617,Q08AH1,Q0P5N6,Q12774,Q12829,Q13017,Q13394,Q13509,Q13636,Q13637,Q13795,Q13823,Q13885,Q14088,Q14141,Q14344,Q14692,Q14964,Q14978,Q15019,Q15029,Q15286,Q15382,Q15669,Q15771,Q15907,Q16181,Q16822,Q2NL82,Q2VIR3,Q38SD2,Q3SXY8,Q3YEC7,Q3ZCM7,Q53G44,Q53S08,Q5H913,Q5HYI8,Q5JT25,Q5JWF2,Q5S007,Q5VTE0,Q5VTY9,Q5VZM2,Q68CJ6,Q6DD88,Q6IQ22,Q6NUN0,Q6NXR0,Q6P461,Q6P9H5,Q6PEY2,Q6PK57,Q6T310,Q6T311,Q6ZN66,Q6ZU15,Q71U36,Q7L0Q8,Q7L523,Q7Z2Y8,Q7Z2Z2,Q7Z444,Q7Z6P3,Q86TD4,Q86YS6,Q8IVH4,Q8IVW1,Q8IWA4,Q8IXI1,Q8IXI2,Q8IYD1,Q8IYK8,Q8IYM1,Q8IZ41,Q8N142,Q8N3Z3,Q8N442,Q8N4C6,Q8N4G2,Q8N4Z0,Q8N884,Q8N8L6,Q8N8V2,Q8NC60,Q8ND71,Q8NHH9,Q8NHV1,Q8TAI7,Q8TCY9,Q8WUD1,Q8WWP7,Q8WXF7,Q8WXH6,Q8WYJ6,Q8WZA9,Q92599,Q92730,Q92737,Q92928,Q92930,Q92963,Q969Q4,Q969Q5,Q969S9,Q969Y2,Q96A58,Q96AH8,Q96AX2,Q96BM9,Q96BW1,Q96D21,Q96DA2,Q96DE0,Q96E17,Q96F15,Q96HU8,Q96I51,Q96I99,Q96KC2,Q96L33,Q96P47,Q96PP8,Q96PP9,Q96RP9,Q96S21,Q96S79,Q99490,Q99578,Q99719,Q9BPW5,Q9BQE3,Q9BST9,Q9BSW2,Q9BT17,Q9BU20,Q9BUF5,Q9BVA1,Q9BVP2,Q9BW83,Q9BX10,Q9BYZ6,Q9BZE4,Q9BZG1,Q9GZQ4,Q9H082,Q9H089,Q9H0F7,Q9H0N0,Q9H0R5,Q9H0T7,Q9H0U4,Q9H223,Q9H2T7,Q9H4B7,Q9H4E5,Q9H4K7,Q9H4M9,Q9H628,Q9H7X7,Q9H853,Q9H9Y4,Q9HB90,Q9HBH0,Q9HCN4,Q9NP72,Q9NP90,Q9NQL2,Q9NR31,Q9NRH3,Q9NRW1,Q9NRY4,Q9NS86,Q9NTK5,Q9NUV9,Q9NVA2,Q9NVJ2,Q9NVN8,Q9NWX6,Q9NX57,Q9NXU5,Q9NY65,Q9NYN1,Q9NYR9,Q9NYS0,Q9NZB8,Q9NZN3,Q9NZN4,Q9NZQ0,Q9P0V9,Q9UBK7,Q9UG22,Q9UH03,Q9UHD8,Q9UHW5,Q9UIJ7,Q9UJT0,Q9UJT1,Q9UL25,Q9UL26,Q9ULC3,Q9ULW5,Q9ULX5,Q9UNT1,Q9UPQ3,Q9UQ16,Q9Y272,Q9Y295,Q9Y3I0,Q9Y3L5,Q9Y3Z3,Q9Y450,Q9Y4C4,Q9Y5M8,Q9Y5P6,Q9Y689,Q9Y6B6,Q9Y6G9
2	330	A2PYH4,A3KMH1,A4D2B8,A5YM72,A6NCM1,A6NHR9,A6NM43,A6NMB9,A8MPP1,A8MQ11,B7ZC32,O00139,O00148,O00571,O14646,O14647,O14656,O14657,O14782,O14981,O15066,O15381,O15523,O43143,O43681,O43896,O43933,O60231,O60264,O60282,O60306,O60333,O75037,O75348,O75351,O75449,O75643,O76031,O94761,O94762,O94955,O95235,O95347,O95744,O95757,O95786,P05186,P07900,P08238,P0DMV8,P0DMV9,P10809,P10909,P11021,P11055,P11142,P13535,P13569,P13984,P14625,P17066,P17844,P17980,P17987,P18074,P19447,P20020,P25205,P25705,P26196,P28288,P33176,P33897,P33991,P33992,P33993,P34931,P34932,P35080,P35249,P35250,P35251,P35998,P36542,P36776,P38646,P38919,P38935,P40227,P40692,P40937,P42285,P43246,P43686,P46063,P46100,P46459,P48643,P48723,P48741,P49368,P49736,P50990,P50991,P50993,P51530,P51531,P51532,P53384,P54132,P54277,P54278,P54652,P55072,P60842,P61604,P62191,P62195,P62333,P78363,P78371,Q02241,Q03468,Q08211,Q0VDD8,Q0VDF9,Q12756,Q12840,Q12873,Q12931,Q12965,Q13206,Q13283,Q13401,Q13415,Q13608,Q13670,Q13838,Q14147,Q14191,Q14240,Q14562,Q14566,Q14568,Q14683,Q14807,Q14839,Q15058,Q15645,Q2KJY2,Q2M1P5,Q2NKX8,Q2TAC6,Q3L8U1,Q4VNC0,Q4VNC1,Q587J7,Q58FF3,Q58FF6,Q58FF7,Q58FF8,Q58FG0,Q58FG1,Q5H9U9,Q5HY92,Q5T1V6,Q5T2N8,Q5T9A4,Q5VXU9,Q63HN8,Q6NVH7,Q6P158,Q6PIW4,Q6PL18,Q6VMQ6,Q6ZMV9,Q6ZRS2,Q6ZW61,Q7L014,Q7L2E3,Q7L7V1,Q7Z478,Q7Z4S6,Q7Z7L1,Q86TM3,Q86VH2,Q86W26,Q86WA8,Q86WJ1,Q86XH1,Q86XP3,Q86Y91,Q8IVL0,Q8IVL1,Q8IX18,Q8IY18,Q8IY21,Q8IY37,Q8IYB8,Q8IYD8,Q8IYT4,Q8N3C0,Q8N4N8,Q8N8A6,Q8NB90,Q8NBU5,Q8NDG6,Q8NDV3,Q8NFZ0,Q8NG08,Q8NHQ9,Q8NI77,Q8TAM1,Q8TB37,Q8TD26,Q8TDD1,Q8TDG4,Q8TDI0,Q8TE96,Q8WV93,Q8WVB6,Q92499,Q92526,Q92598,Q92614,Q92620,Q92698,Q92771,Q92841,Q92878,Q92900,Q96AC6,Q96C10,Q96D53,Q96FC9,Q96FN5,Q96GQ7,Q96H55,Q96L93,Q96Q89,Q96QE3,Q96RR1,Q96S55,Q96SF2,Q96T23,Q96TA2,Q99661,Q99758,Q99832,Q9BQ39,Q9BUQ8,Q9BVQ7,Q9BW19,Q9BW62,Q9BX63,Q9BXT6,Q9BYX4,Q9C000,Q9C0G6,Q9GZR7,Q9H078,Q9H0S4,Q9H172,Q9H1H9,Q9H221,Q9H222,Q9H2U1,Q9H497,Q9H4L7,Q9H5Z1,Q9H611,Q9H6R0,Q9H6S0,Q9H8H2,Q9H8K7,Q9HAQ2,Q9HCE1,Q9HCK8,Q9NP58,Q9NPJ1,Q9NQ11,Q9NQI0,Q9NQT8,Q9NR30,Q9NRK6,Q9NS87,Q9NTJ3,Q9NTK5,Q9NU22,Q9NUL7,Q9NUU7,Q9NVI7,Q9NVP1,Q9NXL9,Q9NXZ2,Q9NY93,Q9NZ71,Q9P2D1,Q9P2E2,Q9UBJ2,Q9UBP0,Q9UHC1,Q9UHI6,Q9UHL0,Q9UI12,Q9UIL4,Q9UJA3,Q9UJV9,Q9UKV3,Q9ULG1,Q9ULI0,Q9ULI4,Q9UMR2,Q9UN37,Q9UQ90,Q9UQE7,Q9Y230,Q9Y265,Q9Y276,Q9Y2I7,Q9Y2R4,Q9Y3D8,Q9Y496,Q9Y4B4,Q9Y4L1,Q9Y4W6,Q9Y5Y2,Q9Y623,Q9Y6V7,Q9Y6X9
3	321	A0AVK6,A0PJY2,A6NFD8,A6NJ46,A8K8V0,A8MT65,A8MUZ8,A8MVS1,A8MWA4,B1APH4,E7ETH6,O14503,O14529,O14753,O14867,O14948,O14978,O15060,O15062,O15090,O15119,O15409,O43361,O43364,O43524,O43623,O43638,O43680,O43829,O60315,O60675,O60682,O75030,O75360,O75362,O75398,O75461,O75626,O94993,O95125,O95201,O95365,O95600,O95863,O95935,O96004,P01106,P04150,P04637,P05412,P05549,P06733,P0C7X2,P0CH99,P0CI00,P10072,P10588,P10589,P12755,P12757,P13056,P15036,P15822,P15923,P17023,P17024,P17030,P17036,P17481,P17676,P17947,P18847,P19838,P20393,P21506,P23771,P24278,P25490,P26367,P28356,P28360,P28698,P35548,P37231,P37275,P41162,P41182,P41212,P41970,P49711,P50539,P50548,P50553,P51449,P51858,P52736,P52738,P52739,P52741,P54821,P56915,P58304,P61244,P78367,P78414,P78415,P78426,P85037,P86452,Q00613,Q01101,Q01167,Q01826,Q01851,Q01860,Q02086,Q02447,Q02556,Q03014,Q03060,Q03181,Q03923,Q04206,Q05195,Q05516,Q05925,Q07869,Q12772,Q12778,Q12837,Q12968,Q12986,Q13029,Q13105,Q13127,Q13207,Q13360,Q13469,Q14469,Q14526,Q14584,Q14653,Q147U1,Q14863,Q14929,Q14934,Q14995,Q15583,Q15911,Q15916,Q15935,Q15937,Q15973,Q16600,Q16649,Q2M3X9,Q32MQ0,Q32MZ4,Q3KNW1,Q494X3,Q49AA0,Q5SQQ9,Q5T0F9,Q5T5D7,Q5TA89,Q5TC79,Q5XKR4,Q66K89,Q6BEB4,Q6IV72,Q6NUN9,Q6P1L6,Q6P1N0,Q6P280,Q6ZN79,Q6ZNG0,Q6ZSB9,Q7Z398,Q7Z3I7,Q86T24,Q86TJ5,Q86UQ0,Q86UZ6,Q86VE0,Q8IUX7,Q8IVH2,Q8IYI8,Q8N143,Q8N2I2,Q8N5A5,Q8N5P1,Q8N680,Q8N693,Q8N883,Q8N8L2,Q8N988,Q8NCN2,Q8NDP4,Q8NDW4,Q8NEA6,Q8NEP9,Q8NFW5,Q8TBJ5,Q8TC21,Q8TD17,Q8TF47,Q8WYK2,Q92754,Q92786,Q92826,Q92988,Q969W8,Q96AV8,Q96BA8,Q96BF6,Q96BR6,Q96BR9,Q96DT7,Q96EK4,Q96H86,Q96HZ4,Q96JB3,Q96K58,Q96K62,Q96KM6,Q96MR9,Q96MU6,Q96N20,Q96NG5,Q96NG8,Q96NL3,Q96QR8,Q96QS3,Q96RE7,Q96RJ6,Q96SF7,Q96T92,Q99583,Q99592,Q99626,Q99684,Q99717,Q99929,Q9BQA5,Q9BR84,Q9BRP0,Q9BRR0,Q9BTP6,Q9BU19,Q9BW11,Q9BWW7,Q9BXK1,Q9BYV9,Q9BZI1,Q9BZS1,Q9C009,Q9C056,Q9C0F3,Q9C0J9,Q9GZU2,Q9GZX5,Q9H116,Q9H165,Q9H334,Q9H5V7,Q9H9S0,Q9HAH1,Q9HAZ2,Q9HBE1,Q9HC78,Q9HCK0,Q9NP08,Q9NP71,Q9NQ03,Q9NQ33,Q9NQ87,Q9NQX1,Q9NR55,Q9NSC2,Q9NU63,Q9NVV9,Q9NZL3,Q9NZV7,Q9P1Z0,Q9P2Y4,Q9UBP5,Q9UBX0,Q9UC07,Q9UDV7,Q9UH92,Q9UHF7,Q9UHL9,Q9UI36,Q9UIW0,Q9UJL9,Q9UJN7,Q9UJU2,Q9UJU5,Q9UJW8,Q9UL17,Q9UL49,Q9UL68,Q9ULJ3,Q9UM63,Q9UN79,Q9UQR1,Q9Y2K1,Q9Y2W7,Q9Y2X9,Q9Y2Y4,Q9Y330,Q9Y3M9,Q9Y466,Q9Y473,Q9Y4A8,Q9Y4X4,Q9Y4Z2,Q9Y543,Q9Y5J3,Q9Y603,Q9Y6Q3
4	307	A0A1W2PP81,A0A1W2PPE2,A0A1W2PPH5,A0A1W2PPL8,A0A1W2PPW3,A0A1W2PQ09,A0A1W2PR64,A0A1W2PRN6,A0A1W2PRV1,A0A2R8Y619,A0A3B3IU63,A6NLC8,A6QL63,O00144,O00206,O00267,O00268,O00291,O00445,O00459,O00560,O14503,O14744,O14920,O14965,O15111,O15525,O43187,O43709,O60749,O60814,O75146,O75367,O75409,O75449,O75486,O75899,O94864,O95292,P01127,P02652,P04085,P04264,P04626,P04637,P04839,P04908,P05023,P05026,P05556,P06865,P06899,P07237,P07951,P08588,P08913,P09493,P0C0S5,P0C0S8,P0C1H6,P0C5Y9,P0C5Z0,P0DJJ0,P0DPK2,P0DPK5,P10415,P11388,P13498,P13645,P14415,P15336,P15884,P15923,P16104,P17676,P17861,P18754,P18825,P18846,P18847,P18848,P18850,P20671,P20963,P21579,P21675,P21860,P22004,P22415,P22736,P23527,P24522,P25208,P26006,P27540,P27986,P28676,P29459,P29460,P30153,P30411,P30542,P30556,P30626,P31152,P31997,P33778,P33897,P35232,P35348,P35368,P35611,P35612,P35638,P35869,P40145,P40199,P43034,P43354,P45844,P47900,P49450,P49848,P50993,P51114,P51116,P51617,P51636,P52655,P52657,P55157,P57053,P58876,P61244,P62258,P62312,P62805,P62807,P62826,P63272,P67775,P67936,P68402,P68431,P81133,P84243,Q00613,Q01658,Q02078,Q02880,Q03135,Q04917,Q06413,Q06787,Q07812,Q07817,Q07820,Q07837,Q07889,Q07890,Q13428,Q13562,Q13564,Q13596,Q13952,Q14190,Q14683,Q14721,Q14814,Q14919,Q14978,Q15102,Q15543,Q15544,Q15545,Q15784,Q15853,Q16394,Q16514,Q16548,Q16552,Q16594,Q16611,Q16659,Q16665,Q16695,Q16760,Q16777,Q16778,Q16853,Q2PPJ7,Q5EE01,Q5JUK2,Q5QNW6,Q5T2R2,Q5TEC6,Q5VWG9,Q68CJ9,Q6DN03,Q6DRA6,Q6FI13,Q6GYQ0,Q6N022,Q6NXT2,Q6XYQ8,Q71DI3,Q71UI9,Q7L4E1,Q7L523,Q7L7L0,Q7RTU4,Q7Z2G1,Q7Z3Z0,Q7Z7C8,Q86U44,Q86UW1,Q86UW2,Q86X10,Q86YH6,Q86YW7,Q8IUE6,Q8IUM7,Q8IXF0,Q8IYU8,Q8N257,Q8N2Z9,Q8N961,Q8NAN2,Q8TBC4,Q8TCU3,Q8WYK2,Q92481,Q92530,Q92750,Q92843,Q92953,Q93063,Q93077,Q93079,Q96A08,Q96BT3,Q96KK5,Q96LB8,Q96LB9,Q96PD4,Q96QV6,Q96T91,Q99081,Q99525,Q99623,Q99728,Q99742,Q99814,Q99877,Q99878,Q99879,Q99880,Q9BPX6,Q9BTM1,Q9BVA0,Q9BVA1,Q9BX67,Q9BXR0,Q9BXR6,Q9BZX4,Q9C0J9,Q9H172,Q9H190,Q9H221,Q9H222,Q9H4I2,Q9H553,Q9H974,Q9HB90,Q9HBM6,Q9HBZ2,Q9HD36,Q9NP71,Q9NQL2,Q9NR33,Q9NRF9,Q9NRG0,Q9NT68,Q9NX45,Q9P0L0,Q9P0M6,Q9P273,Q9UBE0,Q9UBJ2,Q9UBS5,Q9UBT2,Q9UBV8,Q9UH92,Q9UI30,Q9UKY1,Q9UKZ4,Q9ULV1,Q9UMX3,Q9UQE7,Q9Y2C9,Q9Y2K1,Q9Y3I1,Q9Y4Y9,Q9Y616,Q9Y6J9,Q9Y6K9,Q9Y6X8
5	297	A0A1B0GUS4,A0A2R8Y422,A6NCE7,A6NEK1,A8K0Z3,O00213,O00429,O00463,O14828,O14933,O14965,O15105,O15169,O15234,O15344,O15354,O15534,O43541,O43791,O60260,O60353,O60573,O75150,O75164,O75306,O75477,O75604,O75925,O75928,O76024,O76064,O94888,O94905,O94941,O94966,O94972,O95140,O95166,O95429,O95714,O95786,O95816,O95999,O96017,P00533,P04637,P05141,P05161,P05412,P06400,P06744,P07437,P07900,P07948,P08138,P08183,P08238,P09936,P0CG47,P0CG48,P0DMV8,P0DMV9,P10415,P10644,P10809,P10909,P11021,P11142,P11161,P11182,P11233,P11234,P12277,P12755,P13010,P13861,P15172,P15927,P17066,P17612,P17987,P18206,P18850,P20333,P21860,P22694,P23458,P24928,P25054,P25788,P25942,P25963,P26367,P27449,P27797,P29590,P30041,P31323,P31689,P31930,P32121,P32245,P34931,P35520,P36896,P36941,P38398,P38646,P38936,P42704,P43356,P46060,P46108,P46379,P46777,P48741,P49069,P49407,P49459,P49789,P49841,P51668,P54252,P55061,P55072,P55957,P56645,P60174,P60520,P61073,P61086,P61088,P61956,P62253,P62258,P62829,P62877,P62913,P62979,P62987,P63104,P63146,P63165,P63261,P68036,P68363,P78371,P84022,Q00987,Q01726,Q01860,Q04206,Q04323,Q07912,Q12778,Q12809,Q12933,Q13002,Q13077,Q13114,Q13263,Q13467,Q13501,Q13546,Q13564,Q13571,Q13616,Q13617,Q13618,Q13619,Q13620,Q14164,Q14289,Q14457,Q14524,Q14527,Q14790,Q14999,Q149N8,Q15366,Q15370,Q15796,Q15843,Q16665,Q5VTR2,Q5VVQ6,Q6IQ16,Q6K0P9,Q6MZQ0,Q6NUN9,Q7L523,Q7L5Y6,Q86UU5,Q86VI4,Q86WV6,Q86Y01,Q86Y37,Q8IVM0,Q8IWT3,Q8IX21,Q8N0X7,Q8N2K1,Q8N2W9,Q8N5I2,Q8TAT6,Q8TCT9,Q8TD23,Q8TF42,Q8WZ73,Q92519,Q92796,Q92813,Q92844,Q92851,Q92956,Q92990,Q92995,Q93009,Q93034,Q969F0,Q969F2,Q969H0,Q969K3,Q969V5,Q96B02,Q96B97,Q96BI1,Q96BY2,Q96CS3,Q96EP0,Q96FW1,Q96M98,Q96RU7,Q96RU8,Q96SB8,Q99460,Q99717,Q99816,Q99933,Q9BQI6,Q9BT88,Q9BUN8,Q9BUR4,Q9BUZ4,Q9BXM7,Q9BXW4,Q9BY60,Q9C0C7,Q9GZQ8,Q9GZX7,Q9H0E2,Q9H0R8,Q9H2D6,Q9H2G9,Q9H3M7,Q9H461,Q9H492,Q9H9E1,Q9HB71,Q9HBE1,Q9HC98,Q9NPD8,Q9NQC3,Q9NS91,Q9NW38,Q9NX94,Q9NYB9,Q9NZL4,Q9P055,Q9UBE8,Q9UBF1,Q9UBK2,Q9UBN7,Q9UER7,Q9UHP3,Q9UJX6,Q9UL15,Q9ULV1,Q9UMX3,Q9UNE7,Q9UNK0,Q9UNN5,Q9UPR3,Q9UQ80,Q9Y2R2,Q9Y2T1,Q9Y2X8,Q9Y385,Q9Y3I1,Q9Y4C4,Q9Y4K3,Q9Y4X5,Q9Y574,Q9Y5X1,Q9Y679,Q9Y6H5,Q9Y6K9
6	275	A0A087WVF3,A0A087WXS9,A0A087X179,A0A087X1G2,A1A4S6,A6NDS4,A6NER0,A6NI28,A6NIR3,A6NKT7,A7KAX9,B2RTY4,B9A6J9,C9J798,O00429,O14559,O14613,O14715,O14775,O14786,O14924,O15085,O15492,O15539,O43147,O43150,O43157,O43166,O43182,O43295,O43374,O43566,O43665,O60242,O60292,O60343,O60347,O60447,O60890,O75044,O75140,O75689,O75695,O75916,O76081,O94810,O94988,O94989,O95081,O95294,O95759,O96014,P00352,P04216,P05412,P0C7X1,P0DJD0,P0DJD1,P11274,P15882,P20936,P21359,P24386,P26374,P31150,P35125,P41220,P41595,P42331,P43487,P46060,P46940,P47736,P49407,P49758,P49792,P49796,P49798,P49802,P49815,P50148,P50395,P52306,P52565,P52566,P52594,P52757,P54922,P55160,P57771,P85298,P98171,Q01968,Q07889,Q07960,Q08116,Q0IIM8,Q12979,Q12980,Q12982,Q13017,Q13459,Q13576,Q13671,Q14161,Q14185,Q14644,Q14C86,Q14CB8,Q15027,Q15042,Q15052,Q15057,Q15276,Q15283,Q15311,Q15334,Q15436,Q15437,Q17R89,Q2M1Z3,Q2M2D7,Q2NKQ1,Q2PPJ7,Q3KR16,Q3KRB8,Q3MII6,Q4KMP7,Q52LW3,Q53QZ3,Q5R372,Q5S007,Q5T5C0,Q5T5U3,Q5TB30,Q5TC63,Q5TG30,Q5VT97,Q5VTM2,Q5VUJ5,Q5VVW2,Q5VW22,Q5VWQ8,Q60I27,Q66K14,Q684P5,Q68EM7,Q6DHY5,Q6GYQ0,Q6IPX1,Q6P1M3,Q6P4F7,Q6ZRI8,Q6ZS11,Q6ZT07,Q6ZT62,Q6ZUM4,Q6ZW31,Q70Z35,Q765P7,Q7Z3J3,Q7Z5H3,Q7Z6B7,Q7Z6I6,Q86TI0,Q86UD7,Q86VI3,Q86VV4,Q86X10,Q86YV0,Q8IV04,Q8IV61,Q8IW93,Q8IWW6,Q8IYB5,Q8IYX1,Q8IZ81,Q8IZP1,Q8N103,Q8N1I0,Q8N264,Q8N336,Q8N392,Q8N5T2,Q8N6H7,Q8N6T3,Q8NFG4,Q8TB24,Q8TBP0,Q8TC07,Q8TCU6,Q8TDY4,Q8TEA7,Q8TF27,Q8WTW4,Q8WU79,Q8WUA7,Q8WUY9,Q8WWN8,Q8WYP3,Q8WZ64,Q92502,Q92608,Q92609,Q92619,Q92738,Q92888,Q96BZ9,Q96C34,Q96CN4,Q96FG2,Q96FS4,Q96HS1,Q96HU1,Q96NW4,Q96P47,Q96P48,Q96P50,Q96P64,Q96PV0,Q96Q42,Q96QB1,Q99490,Q99666,Q99819,Q9BRR9,Q9BTW9,Q9BXI6,Q9BYX2,Q9C0H5,Q9H0H5,Q9H2M9,Q9H5N1,Q9H6Z4,Q9H7D0,Q9H8V3,Q9HA65,Q9HCE6,Q9HCU5,Q9NP61,Q9NPF8,Q9NQ66,Q9NRY4,Q9NS28,Q9NU19,Q9NVG8,Q9NYF5,Q9NZN5,Q9P035,Q9P0N9,Q9P107,Q9P227,Q9P2F6,Q9P2F8,Q9P2J5,Q9P2M4,Q9P2N2,Q9UGC6,Q9UJF2,Q9UJM3,Q9UKW4,Q9ULH1,Q9ULP9,Q9UNA1,Q9UPQ3,Q9UPU7,Q9Y2B5,Q9Y2I9,Q9Y2K9,Q9Y2X7,Q9Y3L3,Q9Y3M8,Q9Y3P9,Q9Y4G8,Q9Y6D6
7	261	A1A5D9,O00159,O00410,O00429,O00471,O14613,O14640,O14641,O14715,O14787,O14795,O14966,O14980,O15063,O15066,O15392,O15397,O43147,O43293,O43592,O43747,O43924,O60447,O60610,O60879,O75044,O75116,O75154,O75204,O75385,O75592,O75914,O76039,O94829,O94955,O95373,O95466,O95477,O95995,P00441,P04049,P07737,P08138,P15056,P16591,P16989,P18754,P19878,P21333,P23677,P24386,P26374,P31150,P41586,P42768,P43487,P46060,P46940,P47736,P49792,P49815,P49842,P50395,P50542,P50748,P51149,P52566,P53365,P53611,P55060,P55196,P61006,P61970,P62834,P98174,Q01968,Q03135,Q04656,Q07960,Q12802,Q12929,Q13033,Q13153,Q13177,Q13439,Q13459,Q13464,Q13492,Q13576,Q13829,Q14974,Q15042,Q15311,Q15643,Q15669,Q15904,Q16512,Q16513,Q16584,Q17R89,Q27J81,Q2NKQ1,Q4ADV7,Q4VX76,Q5JSL3,Q5JSP0,Q5R372,Q5S007,Q5VSL9,Q5VV41,Q6IQ26,Q6NSW5,Q6NZY7,Q6P3S1,Q6P5Z2,Q6WKZ4,Q6ZNL6,Q6ZP65,Q6ZV73,Q70J99,Q765P7,Q7L576,Q7L804,Q7RTP6,Q7Z3E2,Q7Z6J2,Q7Z6J4,Q86T65,Q86UR1,Q86UR5,Q86VI3,Q86YS3,Q86YV9,Q8IUD2,Q8IV61,Q8IVF7,Q8IWJ2,Q8IY31,Q8IY33,Q8IYB4,Q8IYI6,Q8IYJ3,Q8IYU2,Q8IYX1,Q8N1I0,Q8N2Y8,Q8N3F8,Q8N653,Q8N8N0,Q8NEV8,Q8NFW9,Q8TB24,Q8TBA6,Q8TCE6,Q8TCI5,Q8TD16,Q8TDJ6,Q8TDW5,Q8TDZ2,Q8TEU7,Q8TEX9,Q8TEY7,Q8TF30,Q8WUW1,Q8WWB5,Q8WWW0,Q8WZ19,Q8WZA2,Q92546,Q92558,Q92597,Q92673,Q92696,Q92738,Q92973,Q92974,Q92997,Q96A65,Q96BZ9,Q96C24,Q96CN4,Q96CN9,Q96CV9,Q96F07,Q96G01,Q96HU1,Q96KP1,Q96LT7,Q96M96,Q96N67,Q96NA2,Q96NW4,Q96P70,Q96PY5,Q96Q42,Q96QU8,Q96S59,Q99828,Q9BPZ7,Q9BRV8,Q9BST9,Q9BV36,Q9BWQ6,Q9BXF6,Q9BZG1,Q9H0Q0,Q9H1K0,Q9H2D6,Q9H2M9,Q9H2T7,Q9H3Q1,Q9H426,Q9H4M9,Q9H4P4,Q9H8V3,Q9HAV4,Q9HCH5,Q9HD47,Q9NPB6,Q9NQG7,Q9NRA0,Q9NRR3,Q9NRR8,Q9NSV4,Q9NUQ9,Q9NVG8,Q9NYB9,Q9NZ52,Q9P0N9,Q9P0V3,Q9P212,Q9P258,Q9P2R3,Q9UHC9,Q9UI26,Q9UIA9,Q9UJ41,Q9UJD0,Q9UJM3,Q9UJY4,Q9UJY5,Q9UKK6,Q9ULV0,Q9ULV4,Q9UNE2,Q9UPN7,Q9UQ26,Q9Y2A7,Q9Y2I9,Q9Y2J0,Q9Y2T2,Q9Y333,Q9Y3P9,Q9Y496,Q9Y4D1,Q9Y4F1,Q9Y4I1,Q9Y548,Q9Y5L0,Q9Y5S2,Q9Y5S8
8	229	A0A075B734,A6BM72,A6NL99,O00186,O14495,O14520,O14910,O14936,O15245,O15427,O15438,O15439,O15440,O43315,O75185,O75309,O75493,O75781,O75955,O76090,O94832,O94911,O95255,O95342,O95471,O95832,O95907,P00533,P01127,P01130,P01135,P02730,P02786,P04083,P04626,P04920,P05023,P05026,P06731,P07355,P07911,P08195,P08238,P08913,P11166,P11171,P14735,P15291,P15311,P15313,P15328,P15428,P15813,P15924,P16070,P16157,P16422,P16473,P19022,P19634,P20020,P20309,P21730,P21860,P22079,P22413,P22748,P23634,P25189,P26006,P26038,P28907,P29377,P29972,P30542,P30825,P31641,P32121,P32856,P33527,P35222,P35613,P35670,P40145,P41180,P41181,P41440,P47900,P48050,P48067,P48357,P49757,P51582,P51787,P53985,P54707,P54709,P55011,P55087,P55157,P56748,P57105,P58107,P58743,P60033,P78310,P78508,P98161,Q01484,Q01650,Q01814,Q02763,Q03431,Q04656,Q07157,Q07954,Q12846,Q12851,Q12864,Q12955,Q12959,Q13075,Q13336,Q13563,Q14118,Q14160,Q14244,Q14254,Q14542,Q14973,Q15043,Q15049,Q15077,Q15303,Q15700,Q16790,Q4U2R8,Q5EBL8,Q5T3U5,Q68DX3,Q6AI14,Q6IN97,Q6P4Q7,Q6U841,Q6UXG3,Q6XUX3,Q6ZMH5,Q6ZQN7,Q6ZSM3,Q7RTT9,Q86TB3,Q86UD5,Q86UW1,Q86UW2,Q86XJ0,Q86XK7,Q86YL7,Q8IU99,Q8IV16,Q8IVJ1,Q8IVM8,Q8IYJ0,Q8N271,Q8N307,Q8N4S9,Q8N6F1,Q8NBI5,Q8NBS3,Q8NG04,Q8TCC7,Q8TE54,Q8TF71,Q8WWT9,Q8WZ55,Q92482,Q92536,Q92796,Q969F2,Q96D31,Q96F81,Q96FL8,Q96NT5,Q96NW7,Q96PR1,Q96PS8,Q96Q91,Q96RT1,Q99624,Q99808,Q9BQS7,Q9BXS9,Q9BY67,Q9C0K1,Q9H0T7,Q9H2B4,Q9H2H9,Q9H310,Q9H8M5,Q9HAP6,Q9HC10,Q9HC29,Q9NP59,Q9NPD5,Q9NPI9,Q9NR96,Q9NRM0,Q9NSD5,Q9NUP9,Q9NYB5,Q9UBC5,Q9UBD6,Q9UBN4,Q9UEW8,Q9UGH3,Q9UHI5,Q9UHW9,Q9UKB5,Q9ULP0,Q9UM01,Q9UPR5,Q9Y239,Q9Y289,Q9Y4P9,Q9Y5Y6,Q9Y694,Q9Y6L6,Q9Y6M7,Q9Y6R1,Q9Y6W5
9	227	A0A2R8YFR7,A0A590UK10,A1IGU5,A1L390,A2RUS2,A4D1U4,A5PKW4,A8MVX0,O00212,O14827,O15013,O15068,O15085,O15211,O43307,O43504,O43739,O60229,O60239,O75064,O75592,O75815,O75962,O94827,O94887,O94989,O95199,O95248,O95267,O95398,O95714,P01133,P08588,P10911,P11274,P15498,P18085,P18754,P21731,P24534,P29692,P43119,P47224,P49770,P52735,P62834,P78524,P80303,P86791,P98174,Q008S8,Q02818,Q07889,Q07890,Q0VAM2,Q0VGL1,Q12774,Q12802,Q12967,Q12979,Q13009,Q13144,Q13671,Q13905,Q13972,Q14155,Q14185,Q14232,Q14344,Q14C86,Q15042,Q15052,Q15438,Q15751,Q15811,Q3KR16,Q3MIN7,Q3V6T2,Q4ADV7,Q58EX7,Q5JS13,Q5JSL3,Q5JSP0,Q5JU85,Q5TH69,Q5VST9,Q5VV41,Q5VZ89,Q68D51,Q6DN90,Q6IAA8,Q6IQ26,Q6NSW5,Q6P3S1,Q6XZF7,Q6ZNL6,Q6ZNW5,Q6ZR37,Q6ZS11,Q6ZSZ5,Q6ZUT3,Q6ZUT9,Q6ZV73,Q70Z35,Q76NI1,Q7L0Q8,Q7L8J4,Q7LDG7,Q7Z401,Q7Z628,Q7Z6J4,Q86VW2,Q86VX9,Q86WG5,Q86X27,Q86YR7,Q8IV53,Q8IV61,Q8IVA1,Q8IVF5,Q8IW93,Q8IWF6,Q8IZD9,Q8IZJ4,Q8N103,Q8N1I0,Q8N1W1,Q8N431,Q8N4T4,Q8N5H7,Q8N5V2,Q8N9B8,Q8NDX1,Q8NEG7,Q8NF50,Q8NFG4,Q8TB24,Q8TBN0,Q8TCE6,Q8TCU6,Q8TDF6,Q8TE67,Q8TE68,Q8TEH3,Q8TER5,Q8TEU7,Q8TEV9,Q8TF40,Q8WXG6,Q8WYP3,Q8WZA2,Q92538,Q92546,Q92556,Q92565,Q92608,Q92834,Q92888,Q92902,Q92974,Q96BY6,Q96DR7,Q96HP0,Q96I51,Q96LT7,Q96M96,Q96N67,Q96N96,Q96NW4,Q96PE2,Q96PX9,Q96Q42,Q96QF0,Q99418,Q9BQI7,Q9BRC7,Q9BRG2,Q9BXI6,Q9BZ29,Q9H244,Q9H2M9,Q9H4E7,Q9H6A0,Q9H6S3,Q9H7D0,Q9H7P9,Q9H8V3,Q9HAD4,Q9HBH0,Q9HCE6,Q9HCU5,Q9HD47,Q9NPQ8,Q9NQG7,Q9NR50,Q9NR80,Q9NR81,Q9NRD0,Q9NS75,Q9NVN3,Q9NWX6,Q9NXL2,Q9NYI0,Q9NZL6,Q9NZM3,Q9NZN5,Q9P212,Q9P219,Q9P258,Q9UGK8,Q9UH65,Q9UHA4,Q9UHV5,Q9UI10,Q9UIA0,Q9UJ41,Q9UKW4,Q9ULE3,Q9ULL1,Q9UPP2,Q9Y2B5,Q9Y2L1,Q9Y2Q5,Q9Y4F1,Q9Y4G8,Q9Y6D5,Q9Y6D6
10	222	A0A0B4J2F2,A0PJX0,A1L0T0,A4D1E9,A6NDG6,A6NNW6,A8MPS7,A8MXV4,O00167,O00408,O00764,O14733,O15021,O15162,O15172,O43236,O43318,O43520,O43781,O43837,O43861,O60256,O60307,O60312,O60313,O60423,O60760,O60930,O75110,O75340,O75460,O75582,O75676,O75688,O75695,O75838,O75874,O77932,O94811,O94823,O95382,O95394,O95551,O95747,O95835,O95989,P00492,P00519,P05187,P06733,P09104,P09923,P0C024,P0C1S8,P10114,P11388,P11908,P13929,P13995,P14618,P15104,P15531,P17612,P20648,P21108,P21964,P22694,P24941,P25815,P29218,P29401,P30291,P30520,P30613,P33316,P34913,P35558,P35813,P35914,P36405,P36871,P37840,P39748,P41279,P42684,P43246,P48506,P48637,P48735,P49642,P50213,P51003,P51553,P51812,P52701,P53350,P53778,P54922,P55040,P57059,P60891,P62826,P63096,P78330,P78362,P84077,P98196,P98198,Q01167,Q03426,Q08462,Q13043,Q13188,Q13569,Q13572,Q14191,Q14249,Q14558,Q15124,Q15181,Q15208,Q15349,Q15382,Q15418,Q15831,Q17RS7,Q5S007,Q5VT25,Q6DT37,Q6P0Q8,Q6PIW4,Q6SA08,Q6ZN92,Q6ZVK8,Q76MJ5,Q7KZI7,Q7L5Y1,Q8IWQ3,Q8IY84,Q8IYB7,Q8N0X4,Q8N142,Q8N819,Q8N8Q3,Q8NB49,Q8NBI6,Q8NDY3,Q8TCT0,Q8TDC3,Q8TF62,Q8WV74,Q92630,Q969T7,Q96BS2,Q96DE0,Q96G03,Q96GD0,Q96I99,Q96P26,Q96PF2,Q96PN6,Q96PN8,Q96Q77,Q96SB4,Q99683,Q9BQ50,Q9BQG2,Q9BTU6,Q9BU02,Q9BXA6,Q9BXA7,Q9BXI3,Q9BXM7,Q9BXT6,Q9GZT4,Q9H093,Q9H0K1,Q9H0P0,Q9H1B5,Q9H2U1,Q9H2U2,Q9H4K7,Q9H611,Q9H773,Q9HB90,Q9HC98,Q9NPP4,Q9NRG1,Q9NRH2,Q9NRN7,Q9NRY6,Q9NSD9,Q9NSU2,Q9NTI2,Q9NVH0,Q9NVV4,Q9NWX6,Q9NWZ3,Q9NX46,Q9NYA1,Q9NYL2,Q9P0L2,Q9P241,Q9P289,Q9P2R7,Q9UBE8,Q9UBT2,Q9UHY7,Q9UJ83,Q9UK32,Q9UKK9,Q9UPZ9,Q9Y2G3,Q9Y2H1,Q9Y2H9,Q9Y2K2,Q9Y2M0,Q9Y2Q0,Q9Y3B8,Q9Y5S2,Q9Y616,Q9Y6X9
11	200	A8MTL0,A8MU46,A8MYZ5,B0I1T2,O00159,O00160,O00418,O14795,O14827,O14936,O15492,O15554,O43525,O43526,O43581,O43795,O43815,O60266,O60733,O60869,O75628,O76024,O94832,O95259,O95613,P02686,P08138,P0C7M6,P11055,P11137,P11171,P12882,P12883,P13533,P13535,P13688,P15735,P16298,P17677,P19634,P20020,P21579,P21817,P23634,P23677,P24588,P25445,P27987,P29474,P29475,P29966,P30301,P31749,P32418,P32929,P35125,P35228,P35579,P35580,P35611,P35612,P35749,P40145,P41220,P46019,P46020,P46940,P48454,P48539,P49006,P49137,P49585,P49798,P51787,P51911,P53355,P54750,P55040,P55042,P56696,P57103,P63027,P63098,P68104,Q01064,Q01082,Q01814,Q01844,Q01970,Q02952,Q05066,Q05586,Q05682,Q07157,Q08116,Q08209,Q08828,Q08AD1,Q12965,Q13033,Q13402,Q13424,Q13425,Q13459,Q13554,Q13555,Q13557,Q13576,Q13698,Q13813,Q13884,Q13936,Q14012,Q14123,Q14524,Q15051,Q15075,Q15413,Q15417,Q15506,Q15746,Q16280,Q16566,Q16644,Q16720,Q16816,Q4G0U5,Q5T4S7,Q5T5Y3,Q5VST9,Q6P2M8,Q7Z406,Q86VI3,Q8IU85,Q8IUX7,Q8IW35,Q8IW41,Q8IXL9,Q8IZT6,Q8N5S9,Q8N6M8,Q8NB66,Q8NCB2,Q8NCM2,Q8NER1,Q8NEV4,Q8NFF2,Q8TC29,Q8TD43,Q8WZ42,Q92686,Q92736,Q92952,Q92963,Q93100,Q96D31,Q96DU7,Q96JE9,Q96L03,Q96NX5,Q96RR4,Q96SN8,Q99439,Q99578,Q9BUB5,Q9H095,Q9H1D0,Q9H1R3,Q9H2S1,Q9H9H5,Q9HBA0,Q9HBH9,Q9HD67,Q9NQ66,Q9NQA5,Q9NQX4,Q9NR82,Q9NRL3,Q9NYA1,Q9P032,Q9P1Y5,Q9UBC5,Q9UBL0,Q9UEY8,Q9UGI6,Q9UII2,Q9UIK4,Q9UKC9,Q9UKN7,Q9UKX2,Q9UKX3,Q9ULV0,Q9UM54,Q9UPR5,Q9UPW8,Q9UQM7,Q9Y283,Q9Y2K3,Q9Y4I1,Q9Y623
12	190	A1A4Y4,A6NNY8,O00258,O00291,O00744,O14495,O14640,O15027,O15105,O15151,O43670,O43914,O60260,O60519,O60635,O60716,O60907,O75146,O75569,O75604,O75718,O75955,O76024,O94966,O95429,O95785,O95816,O95817,O96017,P02489,P02511,P02647,P02652,P04406,P04637,P05019,P05026,P07498,P07737,P07900,P08238,P0DMV8,P0DMV9,P10809,P10909,P11279,P11309,P13284,P13473,P14415,P16220,P16401,P17987,P20827,P21333,P21675,P22792,P23284,P25713,P27797,P27986,P28360,P28799,P35080,P35232,P40227,P40337,P40855,P43652,P46379,P46777,P48643,P49069,P49368,P50148,P50613,P50749,P50990,P50991,P51610,P51946,P54709,P54764,P56645,P60484,P61764,P62081,P62829,P62913,P63146,P63165,P78371,P83436,P84022,Q01484,Q02413,Q05655,Q06945,Q09472,Q13043,Q13188,Q13526,Q13608,Q14149,Q14254,Q15185,Q16543,Q16594,Q19AV6,Q2M2I8,Q32P28,Q3YBR2,Q562E7,Q58FF6,Q58FF7,Q58FF8,Q58FG1,Q5HYI8,Q5SXM8,Q5T2D3,Q6K0P9,Q6N069,Q6NVH7,Q6PEY1,Q6VMQ6,Q6ZWJ1,Q7L3B6,Q7Z5G4,Q86TM6,Q86Y82,Q8IV16,Q8IYX7,Q8NFZ5,Q8TEY7,Q8WWB7,Q92574,Q92995,Q92997,Q93008,Q93009,Q969H0,Q969V3,Q969V5,Q96BS2,Q96DX7,Q96IL0,Q96IU2,Q96JB2,Q96M02,Q96QG7,Q99497,Q99623,Q99653,Q99747,Q99832,Q99835,Q99933,Q9BUL8,Q9BXJ9,Q9BXM7,Q9BZE4,Q9H227,Q9H2J4,Q9H3U5,Q9H4B6,Q9H6I2,Q9H992,Q9HBJ7,Q9HBM6,Q9HCM9,Q9NQ94,Q9NQC3,Q9NQC8,Q9NQG7,Q9NSU2,Q9NVD7,Q9NX55,Q9NZD4,Q9NZM5,Q9P1W9,Q9P275,Q9UBE8,Q9UBK2,Q9UBV2,Q9UJA3,Q9UL15,Q9UL25,Q9UPT6,Q9Y2Z0,Q9Y4R8
13	179	A9UHW6,O00159,O00409,O00505,O00560,O00623,O14649,O14733,O14746,O14907,O15169,O43426,O43933,O60674,O60907,O75351,O75360,O75382,O75531,O75970,O94885,O95104,O95619,O95834,O95999,P00519,P01112,P02751,P04626,P05026,P06239,P07196,P07992,P08047,P08237,P11171,P11388,P11940,P12004,P12931,P12956,P13010,P15311,P15884,P18074,P18827,P18848,P19338,P19447,P19878,P20336,P21579,P21580,P23142,P24928,P25391,P29279,P30048,P31146,P33076,P35222,P35232,P35372,P36873,P37231,P38432,P41134,P41146,P41240,P43246,P46013,P46937,P49454,P49917,P49959,P50613,P50895,P51587,P54253,P55196,P56539,P62714,P67775,P78352,P81274,P98082,P98160,Q00975,Q02750,Q02880,Q03001,Q03468,Q05516,Q06609,Q09472,Q12772,Q12834,Q12959,Q13131,Q13257,Q13352,Q13363,Q13426,Q13608,Q14207,Q14289,Q14676,Q14980,Q15036,Q15543,Q15554,Q15569,Q15599,Q15691,Q16281,Q16610,Q59H18,Q5HY92,Q5JVL4,Q66GS9,Q6KC79,Q7Z412,Q86UT5,Q86VN1,Q8IUQ4,Q8IVT5,Q8N2W9,Q8N8G2,Q8N960,Q92547,Q92889,Q93009,Q93074,Q96CV9,Q96EB6,Q96F85,Q96FI4,Q96FS4,Q96H20,Q96JB3,Q96NL6,Q96QZ7,Q96SB3,Q99623,Q99700,Q99705,Q99963,Q99966,Q9BSM1,Q9BV73,Q9BYB0,Q9H190,Q9NP79,Q9NPA3,Q9NQC8,Q9NRC6,Q9NRD5,Q9NSN8,Q9NWB1,Q9P1Z2,Q9UBE0,Q9UBX0,Q9UBX5,Q9UBY9,Q9UI14,Q9UJU6,Q9UKV8,Q9UM19,Q9UN37,Q9UPX8,Q9UPY8,Q9UQB8,Q9Y366,Q9Y3R0,Q9Y520,Q9Y566,Q9Y5K6,Q9Y5Y5,Q9Y6X2
14	177	A0A1B0GVH4,A1L453,A4D1T9,A6NIE9,A8MTI9,E5RG02,O00187,O14773,O15393,O43240,O43464,O43866,O43897,O60235,O60259,O60911,O75783,O95084,P00734,P00736,P00738,P00739,P00740,P00742,P00746,P00747,P00748,P00749,P00750,P00751,P02788,P03951,P03952,P03956,P04070,P05156,P05981,P06681,P06870,P07288,P07477,P07478,P08217,P08218,P08246,P08253,P08254,P08311,P08519,P08709,P08861,P09093,P09237,P09238,P09668,P09871,P09958,P0C7V7,P0CW18,P10144,P10323,P12544,P13497,P13726,P13798,P14210,P14780,P16519,P17538,P20151,P20160,P20231,P20718,P22891,P22894,P23946,P24158,P24347,P25774,P27487,P29120,P29122,P29144,P35030,P36776,P39900,P40313,P43235,P45452,P48147,P48740,P49862,P49863,P50281,P51124,P53634,P56730,P57727,P58872,P67812,P78325,P83105,P83110,P98073,Q04756,Q12884,Q14520,Q14703,Q15661,Q16549,Q16651,Q16740,Q2L4Q9,Q2T9J0,Q4J6C6,Q5K4E3,Q6GPI1,Q6NTF9,Q6PEW0,Q6PJF5,Q6UW60,Q6UWB4,Q6UWY2,Q6ZMR5,Q6ZWK6,Q7RTY3,Q7RTY5,Q7RTY7,Q7RTY8,Q7RTY9,Q7RTZ1,Q7Z410,Q7Z5A4,Q86T26,Q86WA8,Q86WS5,Q8IU80,Q8IYP2,Q8NBP7,Q8NF86,Q8NHM4,Q8TEB9,Q92743,Q92824,Q92876,Q96CC6,Q96LU5,Q96T52,Q99542,Q99895,Q9BQR3,Q9BY50,Q9BYE2,Q9BZJ3,Q9GZN4,Q9H2R5,Q9H300,Q9H3S3,Q9NRR2,Q9NRS4,Q9NX52,Q9NZP8,Q9P0G3,Q9UBX7,Q9UI38,Q9UKQ9,Q9UKR0,Q9UKR3,Q9UL52,Q9UNI1,Q9Y337,Q9Y3P4,Q9Y5K2,Q9Y5Q5,Q9Y5Y6,Q9Y6L7,Q9Y6M0
15	167	O00622,O14625,O14737,O14786,O14793,O15072,O15520,O43670,O43927,O60462,O75093,O75094,O76076,O94769,O94813,O95388,O95389,O95866,O95967,P00734,P01008,P01042,P02649,P02749,P02751,P02776,P02778,P02788,P03950,P03951,P04004,P04114,P04196,P05067,P05154,P05164,P05230,P05452,P05546,P06858,P07093,P07996,P08246,P08294,P08311,P08519,P08575,P08603,P08620,P09038,P0DJI8,P10145,P10586,P10720,P11150,P11362,P12107,P12644,P13727,P14151,P15692,P16109,P18075,P19801,P19835,P20160,P20908,P21246,P21741,P21781,P21802,P22105,P22455,P23352,P25940,P29122,P29279,P30533,P31371,P35268,P35442,P35443,P35555,P43034,P47914,P48745,P49746,P49747,P49763,P49765,P51693,P51858,P51888,P55773,P58658,P80075,P80098,P80162,Q02539,Q03167,Q06481,Q075Z2,Q12841,Q13332,Q13635,Q13685,Q13753,Q14512,Q14767,Q14956,Q15063,Q15072,Q15113,Q16663,Q17R60,Q2I0M5,Q2MKA7,Q53GQ0,Q53RD9,Q5TAT6,Q6Q788,Q6UWY2,Q6UXX9,Q6XZB0,Q6ZMB5,Q6ZMM2,Q76M96,Q86UN2,Q86Y22,Q8IVL1,Q8N104,Q8N441,Q8N474,Q8N967,Q8TAT2,Q8TB73,Q8TE58,Q8WWY8,Q92832,Q96BH3,Q99075,Q99435,Q9BQB4,Q9BS40,Q9BXS0,Q9BXY4,Q9BYZ8,Q9BZR6,Q9BZV3,Q9H0B8,Q9H3U7,Q9H4F8,Q9H772,Q9HBL6,Q9HBX8,Q9NZK5,Q9UHI8,Q9UK55,Q9UKZ4,Q9UKZ9,Q9UNA0,Q9UNK4,Q9UP79,Q9Y215,Q9Y5C1,Q9Y5X9,Q9Y653
16	167	A6H8M9,O14522,O14917,O15031,O60245,O60330,O60469,O60487,O75147,O75309,O94985,O95206,P05556,P06731,P07949,P12830,P13688,P15151,P16284,P19022,P22223,P28827,P32004,P32926,P33151,P35613,P40199,P42338,P55283,P55285,P55286,P55287,P55289,P55290,P55291,P98161,Q02246,Q02413,Q02487,Q08174,Q08554,Q0ZGT2,Q12816,Q12864,Q13634,Q14126,Q14517,Q14574,Q15223,Q58EX2,Q5DX21,Q6PCB8,Q6V0I7,Q6V1P9,Q6ZTQ4,Q7Z5N4,Q86SJ2,Q86SJ6,Q86TC9,Q86UP0,Q86VF2,Q86WK6,Q8IWV2,Q8IXH8,Q8IZU9,Q8N126,Q8N6Y1,Q8TAB3,Q8TD84,Q8TDW7,Q8WX93,Q8WZ75,Q92692,Q96AP7,Q96ID5,Q96JP9,Q96JQ0,Q96MS0,Q96N03,Q96NY8,Q96QU1,Q96RW7,Q96TA0,Q9BQT9,Q9BY67,Q9BYE9,Q9BZA7,Q9BZA8,Q9H158,Q9H159,Q9H251,Q9H4D0,Q9HBB8,Q9HBT6,Q9HC56,Q9HCK4,Q9HCL0,Q9HCU4,Q9NPG4,Q9NQS3,Q9NRJ7,Q9NYQ6,Q9NYQ7,Q9NYQ8,Q9P273,Q9P2E7,Q9P2J2,Q9UBF9,Q9UIB8,Q9UJ99,Q9ULB4,Q9ULB5,Q9ULL4,Q9UN66,Q9UN67,Q9UN70,Q9UN71,Q9UN72,Q9UN73,Q9UN74,Q9UN75,Q9UQ52,Q9Y5E1,Q9Y5E2,Q9Y5E3,Q9Y5E4,Q9Y5E5,Q9Y5E6,Q9Y5E7,Q9Y5E8,Q9Y5E9,Q9Y5F0,Q9Y5F1,Q9Y5F2,Q9Y5F3,Q9Y5F6,Q9Y5F7,Q9Y5F8,Q9Y5F9,Q9Y5G0,Q9Y5G1,Q9Y5G2,Q9Y5G3,Q9Y5G4,Q9Y5G5,Q9Y5G6,Q9Y5G7,Q9Y5G8,Q9Y5G9,Q9Y5H0,Q9Y5H1,Q9Y5H2,Q9Y5H3,Q9Y5H4,Q9Y5H5,Q9Y5H6,Q9Y5H7,Q9Y5H8,Q9Y5H9,Q9Y5I0,Q9Y5I1,Q9Y5I2,Q9Y5I3,Q9Y5I4,Q9Y639,Q9Y6N7,Q9Y6N8
17	165	A0A2R8Y422,A6NKH3,O15235,O60783,O75394,O95182,P05161,P05386,P05387,P05388,P08708,P08865,P09001,P15880,P18077,P18124,P18621,P22090,P23396,P25398,P26373,P27635,P30050,P32969,P35268,P36578,P39019,P39023,P40429,P42677,P42766,P46776,P46777,P46778,P46779,P46781,P46782,P46783,P47914,P49207,P49406,P50914,P51398,P52815,P60866,P61247,P61254,P61313,P61353,P61513,P61927,P62081,P62241,P62244,P62249,P62263,P62266,P62269,P62273,P62277,P62280,P62424,P62701,P62750,P62753,P62829,P62841,P62847,P62851,P62854,P62857,P62888,P62891,P62899,P62906,P62910,P62913,P62917,P62945,P62979,P62987,P63173,P63220,P82650,P82663,P82673,P82675,P82912,P82914,P82921,P82930,P82932,P82933,P83731,P83881,P84098,Q02543,Q02878,Q07020,Q13084,Q13405,Q16540,Q4U2R6,Q59GN2,Q5JNZ5,Q5T653,Q6DKI1,Q6NVV1,Q6P161,Q6P1L8,Q6P5R6,Q71UM5,Q7Z2W9,Q7Z7F7,Q7Z7H8,Q86TS9,Q8IXM3,Q8N5C6,Q8N983,Q8NHW5,Q8TCC3,Q8TD47,Q92665,Q92901,Q969Q0,Q96A35,Q96EH5,Q96EL2,Q96L21,Q9BQ48,Q9BQC6,Q9BYC8,Q9BYC9,Q9BYD1,Q9BYD2,Q9BYD3,Q9BYD6,Q9BZE1,Q9H0U6,Q9H2W6,Q9H9J2,Q9HD33,Q9NP92,Q9NQ39,Q9NRX2,Q9NVS2,Q9NWU5,Q9NX20,Q9NZE8,Q9P015,Q9P0J6,Q9P0M9,Q9UHA3,Q9UNX3,Q9Y291,Q9Y2R5,Q9Y2R9,Q9Y399,Q9Y3B7,Q9Y3D3,Q9Y3D5,Q9Y3D9,Q9Y3U8,Q9Y676,Q9Y6G3
18	162	O00292,O14511,O14793,O14944,O15240,O15520,O43320,O43915,O60234,O60258,O60383,O60542,O75610,O76093,O94907,O95196,O95389,O95390,O95393,O95750,O95972,P00734,P01019,P01033,P01127,P01133,P01135,P01137,P01138,P01241,P01242,P01344,P02775,P03971,P04085,P04141,P04155,P05019,P05111,P05112,P05113,P05230,P05231,P05451,P06744,P08476,P08620,P08700,P09038,P09341,P09529,P09603,P09919,P0DML2,P0DML3,P10600,P10767,P11487,P12034,P12643,P12644,P12645,P13232,P13385,P13497,P13725,P14210,P15018,P15248,P15514,P15692,P18075,P19971,P20774,P20783,P20809,P21128,P21246,P21583,P21741,P21781,P22003,P22004,P22301,P23560,P26441,P27539,P28799,P29279,P29459,P29460,P31371,P34130,P34820,P35070,P35443,P39905,P40225,P43026,P48061,P48745,P49763,P49765,P49767,P51858,P51864,P55075,P55103,P55107,P55145,P55789,P56975,P58166,P58294,P60568,P60983,P61328,P61812,P78504,Q02297,Q12805,Q14406,Q15276,Q16674,Q49AH0,Q5T4W7,Q6KF10,Q6UW88,Q6ZMJ4,Q6ZN28,Q7Z4P5,Q7Z5Y6,Q8WWG1,Q92913,Q92914,Q92915,Q96S42,Q99075,Q99217,Q99748,Q99988,Q9GZP0,Q9GZV9,Q9GZZ8,Q9H5N1,Q9HCT0,Q9NP70,Q9NP95,Q9NPF0,Q9NR23,Q9NRA1,Q9NSA1,Q9NZK5,Q9UBD9,Q9UJX0,Q9UK05,Q9UMX5,Q9Y219,Q9Y236,Q9Y240,Q9Y3E1,Q9Y5C1
19	153	O00182,O00206,O00463,O00635,O14788,O14862,O14920,O15111,O15455,O15516,O15519,O43187,O43283,O43318,O43353,O43504,O60565,O60603,O60858,O75582,O75676,O75955,O94972,O95256,O95365,O95999,P01019,P01308,P01375,P01584,P02786,P02788,P03971,P04040,P04054,P04629,P05067,P05109,P05231,P05771,P06702,P06748,P0DMV8,P0DMV9,P10275,P10909,P14373,P16591,P16671,P16885,P19474,P19525,P20807,P23396,P24723,P25942,P29965,P30048,P30989,P30990,P32929,P40763,P41221,P41743,P49238,P51617,P57078,P58546,P58753,P60900,P61088,P62937,P78325,P78423,P80511,Q01973,Q03135,Q04206,Q04759,Q05513,Q06187,Q08211,Q09472,Q12933,Q13049,Q13077,Q13404,Q13478,Q13546,Q14116,Q14142,Q14254,Q14258,Q15109,Q15139,Q15628,Q5EG05,Q6AZZ1,Q86UE4,Q8IUC6,Q8IUD2,Q8IYM9,Q8IZC4,Q8N7C3,Q8N9V2,Q8TAI7,Q92838,Q92974,Q96A61,Q96AH8,Q96BH1,Q96EP0,Q96HY6,Q96P20,Q96Q05,Q99828,Q99836,Q9BVG3,Q9BXL6,Q9BXL7,Q9BXN2,Q9BYJ4,Q9BYM8,Q9BZL6,Q9BZR9,Q9C019,Q9C030,Q9C035,Q9H257,Q9H6R0,Q9HAV5,Q9HB75,Q9HC29,Q9NPH3,Q9NPP4,Q9NR96,Q9NYA1,Q9NYB0,Q9UBG3,Q9UDY8,Q9UIG8,Q9UJV3,Q9ULZ3,Q9UM73,Q9UNG2,Q9UQM7,Q9Y239,Q9Y2C9,Q9Y4K3,Q9Y572,Q9Y616,Q9Y6K9,Q9Y6Q6
20	152	A0MZ66,O00180,O14525,O14810,O15130,O43236,O43921,O60840,O75129,O75311,O75312,O76050,O76083,O94759,O94832,O94850,O95259,O95696,O95741,O95754,P00966,P01160,P01210,P01282,P01286,P01303,P02511,P02818,P05067,P07101,P08138,P09104,P11169,P11387,P14416,P15104,P16389,P16519,P17677,P18509,P19021,P21333,P23415,P24387,P26378,P29120,P30989,P34972,P35243,P35372,P41145,P41219,P41597,P43005,P46821,P47898,P47901,P51788,P53708,P54764,P55008,P55089,P56199,P57103,P57771,P62136,P63244,P84074,Q00535,Q04656,Q06787,Q07699,Q09019,Q09470,Q12840,Q13002,Q13003,Q13283,Q13332,Q13467,Q13474,Q13936,Q14003,Q14194,Q14249,Q14721,Q15078,Q15700,Q16281,Q16478,Q16637,Q16849,Q2M3C6,Q3SXY7,Q5S007,Q5T442,Q6MZT1,Q6PUV4,Q6TFL4,Q6U841,Q6X4W1,Q6Y7W6,Q6ZT98,Q6ZU15,Q76NI1,Q7L099,Q86UN2,Q86UN3,Q86WK6,Q86WN1,Q8IVF5,Q8IXJ6,Q8IZQ1,Q8N3R9,Q8N3V7,Q8NDX2,Q92886,Q92953,Q96A49,Q96A70,Q96EZ8,Q96LT7,Q96PQ0,Q96PR1,Q99574,Q99608,Q99784,Q99828,Q9BT88,Q9BTU6,Q9BZR6,Q9GZN7,Q9GZV3,Q9GZZ6,Q9H2U1,Q9H2X9,Q9HCH3,Q9HCR9,Q9NPG2,Q9NV29,Q9NZV8,Q9P265,Q9UBB6,Q9UBN7,Q9UHC6,Q9UHM6,Q9UJU6,Q9ULX5,Q9UPR5,Q9UQB3,Q9Y3R0,Q9Y6H6
21	147	A1XBS5,A2IDD5,A5D8V7,A8K0Z3,A8K8P3,C4AMC7,O00139,O00444,O14965,O15078,O15182,O43303,O43379,O60308,O75665,O75695,O94986,O95613,O95684,O95714,O95954,P0DMV8,P0DMV9,P11388,P17066,P23258,P40121,P41002,P41208,P42858,P53350,P53384,P54257,P61006,P62826,Q05D60,Q12798,Q13099,Q13464,Q14203,Q15051,Q15154,Q15468,Q2KHM9,Q2TAC2,Q3V6T2,Q4AC94,Q53EZ4,Q53GS7,Q53HC0,Q5BJF6,Q5EBL4,Q5JTW2,Q5SW79,Q5T7B8,Q5TB80,Q5TZA2,Q5U5Z8,Q5VT06,Q5VU57,Q658L1,Q66GS9,Q6IQ19,Q6IQ55,Q6UVJ0,Q6VEQ5,Q6ZTR7,Q6ZU80,Q7L2K0,Q7Z3E5,Q7Z591,Q86SQ7,Q86SX3,Q86VV8,Q86YF9,Q8IW35,Q8IXJ6,Q8IY31,Q8IYE0,Q8IYX7,Q8IYY4,Q8N0Z3,Q8N137,Q8N157,Q8N4C6,Q8N960,Q8NA72,Q8NBT0,Q8NHV4,Q8TAP6,Q8TAP8,Q8TC05,Q8TC44,Q8TCU4,Q8TD08,Q8TD31,Q8TDR4,Q8TEP8,Q8TES7,Q96CW5,Q96EX3,Q96HB5,Q96JN8,Q96KV7,Q96L14,Q96LK0,Q96M02,Q96M11,Q96MC4,Q96MT8,Q96NB1,Q96NL6,Q96PF2,Q96RK4,Q96RY7,Q96ST8,Q99550,Q9BV73,Q9BVV6,Q9BYV8,Q9BZW7,Q9C099,Q9C0D2,Q9C0F1,Q9H2F9,Q9HC77,Q9NS56,Q9NXB0,Q9NXG0,Q9NYY3,Q9NZ20,Q9P287,Q9P2P6,Q9P2S5,Q9UJT1,Q9UJT2,Q9ULJ1,Q9UNT1,Q9UPN4,Q9UPV0,Q9Y366,Q9Y3M2,Q9Y496,Q9Y592,Q9Y5Y2,Q9Y6A4,Q9Y6F1
22	140	A6NHQ2,A7KAX9,O00221,O00567,O00712,O14907,O15105,O15205,O15446,O43148,O43615,O43660,O60264,O60285,O60287,O60763,O60832,O75164,O75319,O75381,O75398,O95400,O95863,P08579,P08651,P09067,P10721,P11387,P11474,P14373,P15311,P17480,P19622,P22087,P29692,P38432,P38571,P48552,P49789,P50613,P54274,P55317,P61088,P61218,P68402,P78345,P78406,P98082,Q02548,Q03111,Q09FC8,Q12824,Q12923,Q13085,Q13228,Q13342,Q13428,Q14978,Q15061,Q15109,Q15233,Q15327,Q15329,Q15572,Q16540,Q16566,Q16881,Q53HV7,Q5GLZ8,Q5M775,Q5XKR4,Q6P1N0,Q6PJP8,Q6PK04,Q6ZUU3,Q6ZVD7,Q7L014,Q7Z591,Q86UA6,Q86UE4,Q86VZ6,Q8N9W6,Q8NE09,Q8NHG8,Q8TED0,Q8WUP2,Q8WVC0,Q8WXF1,Q8WXG1,Q92551,Q92750,Q92766,Q969X6,Q96A58,Q96B26,Q96BP2,Q96DN6,Q96EB6,Q96FC9,Q96G21,Q96GN5,Q96PN7,Q96PZ2,Q99558,Q99612,Q9BSF8,Q9BUZ4,Q9BV20,Q9BY66,Q9C0J8,Q9GZS1,Q9H410,Q9H583,Q9H668,Q9H869,Q9H9Q4,Q9HAJ7,Q9NQU5,Q9NVM4,Q9NVV9,Q9NY12,Q9NZM5,Q9P0K7,Q9P0K8,Q9UBZ4,Q9UDY8,Q9UHB7,Q9UHH9,Q9UHK0,Q9UK32,Q9UM82,Q9UPU9,Q9UPZ9,Q9Y262,Q9Y2X3,Q9Y4B6,Q9Y5K6,Q9Y5L4,Q9Y5N6,Q9Y6P5
23	139	A0A087X1C5,A0A1B0GTQ1,A1KZ92,O00264,O14521,O14569,O14867,O15173,O15528,O43169,O43174,O60674,O75343,O75881,O76061,P00167,P00395,P02008,P02042,P02100,P02144,P02760,P04040,P04196,P04798,P04839,P05093,P05108,P05164,P05177,P05181,P07202,P08574,P08684,P08686,P09105,P09601,P10632,P10635,P11509,P11511,P11678,P11712,P12931,P13498,P13584,P14902,P15538,P19099,P20393,P20813,P20815,P20853,P22079,P22680,P23219,P24462,P24557,P24903,P29474,P29475,P30519,P33260,P33261,P33402,P35228,P35354,P35520,P48775,P51589,P51687,P53701,P68871,P69891,P69892,P69905,P78329,P98187,P99999,Q02108,Q02153,Q02318,Q02928,Q07973,Q08477,Q16647,Q16678,Q16696,Q16850,Q4G0S4,Q5T5A4,Q5TCH4,Q687X5,Q6B0K9,Q6NT55,Q6P1K1,Q6UW02,Q6V0L0,Q6VVX0,Q6ZQW0,Q6ZSU1,Q6ZWL3,Q7KZN9,Q7L1T6,Q7L5A8,Q7Z449,Q86W10,Q8N118,Q8N1L4,Q8N7X0,Q8N8Q1,Q8TAV3,Q8WUJ1,Q8WWM9,Q8WY91,Q8WYQ5,Q92626,Q96PH1,Q96SQ9,Q99643,Q9BQI3,Q9H7Z7,Q9HA92,Q9HB55,Q9HBI6,Q9HCS2,Q9NP58,Q9NPG2,Q9NPH5,Q9NR63,Q9NRD8,Q9NRD9,Q9NRV9,Q9NYL5,Q9UNU6,Q9UPI3,Q9Y5Y0,Q9Y5Z4,Q9Y6A2
24	127	A0A087WTH5,A0A1B0GVM2,A6NFQ2,O00168,O15273,O43448,O43707,O60610,O60706,O95816,P04156,P06241,P07947,P07948,P08238,P0C851,P0DI81,P0DP23,P0DP24,P0DP25,P12814,P12931,P14314,P15382,P16157,P16615,P21333,P21796,P23327,P29475,P30536,P30626,P32418,P33151,P35222,P35609,P41180,P42858,P48547,P51787,P53794,P54257,P56539,P57796,P60903,P61328,P62258,P62942,P63104,P68106,P98161,Q01484,Q02363,Q03135,Q04917,Q06787,Q07343,Q07699,Q08043,Q08499,Q09428,Q12955,Q12959,Q13023,Q13061,Q13303,Q13424,Q13557,Q13563,Q13642,Q14524,Q14571,Q14654,Q14694,Q14721,Q14722,Q15011,Q16611,Q16623,Q2I0M4,Q5S007,Q5VT99,Q6VY07,Q6ZRF8,Q6ZSA7,Q7Z429,Q86UR5,Q86VP3,Q86YM7,Q8IWT1,Q8IWX8,Q8N335,Q8N350,Q8N608,Q8N7C0,Q8NCM2,Q8TDN1,Q8WWG9,Q92736,Q92913,Q93084,Q96CW1,Q96PR1,Q96PU5,Q96RD7,Q96SB3,Q96SW2,Q99469,Q99828,Q99959,Q99996,Q9H426,Q9HD26,Q9HD47,Q9NRX4,Q9NS61,Q9NY72,Q9UJ90,Q9UJD0,Q9UK17,Q9ULZ3,Q9UQ26,Q9Y4C2,Q9Y5Y9,Q9Y639,Q9Y6H6,Q9Y6J6
25	125	A6NGB9,B1AK53,O14512,O14578,O14672,O15056,O15162,O15357,O43182,O43184,O43281,O43426,O43516,O43813,O60239,O60260,O75061,O75146,O75368,O75525,O75674,O75914,O75952,O95997,P00519,P07203,P07766,P07948,P10636,P13498,P14317,P14598,P21917,P22681,P24588,P29350,P40818,P42566,P42768,P46108,P50552,P50570,P55211,P55822,P56945,P62993,P78314,P78324,P78357,P78536,P98164,Q05209,Q07666,Q07889,Q07960,Q13191,Q13443,Q13444,Q13625,Q13905,Q14185,Q14195,Q15735,Q16204,Q16478,Q2M1Z3,Q5VWQ8,Q5VWX1,Q68DA7,Q68EM7,Q6ZUM4,Q86TC9,Q86UR1,Q86WV1,Q86Y01,Q8IZD9,Q8IZP0,Q8N1I0,Q8N4X5,Q8N556,Q8N8S7,Q8TC29,Q8TD08,Q8TDZ2,Q8TED9,Q8WXA3,Q8WZ74,Q92556,Q92835,Q92882,Q96B97,Q96BJ8,Q96D71,Q96EY5,Q96JJ3,Q96PU8,Q96PV0,Q96T51,Q99638,Q9BQI5,Q9BUF7,Q9BYB0,Q9BYC5,Q9H013,Q9H2Y7,Q9NP31,Q9NRQ2,Q9NRY6,Q9NYB9,Q9NZH4,Q9NZH5,Q9NZQ3,Q9P2A4,Q9P2Y5,Q9UI08,Q9UJC5,Q9UJM3,Q9UKP3,Q9ULV8,Q9UPX8,Q9Y2R2,Q9Y3L3,Q9Y566,Q9Y5K6,Q9Y6W5
26	124	O00231,O00232,O00487,O00571,O00602,O14727,O15511,O43242,O60234,O75874,O95352,P00491,P00746,P01009,P01034,P02750,P02794,P04040,P04075,P04080,P04217,P04264,P06396,P06737,P06744,P07339,P07384,P07858,P07900,P08236,P08238,P09211,P09429,P09668,P09917,P09960,P09972,P0DMV8,P0DMV9,P11142,P12268,P12956,P13639,P13716,P13727,P13798,P14174,P14618,P14780,P14923,P15586,P15848,P16035,P16278,P17066,P17858,P17980,P18206,P18669,P20618,P20839,P22392,P25774,P25787,P28066,P28482,P32320,P35573,P35998,P36871,P37108,P41218,P42025,P46976,P50990,P51665,P52790,P53396,P55072,P57764,P61160,P62699,P62937,P63172,P67870,P68104,P68402,P68871,P98066,Q01432,Q12905,Q13162,Q13200,Q13442,Q13510,Q14004,Q14019,Q14314,Q14764,Q14974,Q15008,Q16539,Q16769,Q7Z6Z7,Q86VP6,Q8TD55,Q8WVQ1,Q92882,Q96G03,Q99436,Q9BU76,Q9H0B8,Q9NZ32,Q9NZT1,Q9P000,Q9P0J7,Q9UBI1,Q9UBR2,Q9UBW5,Q9UJU6,Q9UNM6,Q9UNP9,Q9Y315,Q9Y376
27	123	A0A075B6Q5,A0A075B6R2,A0A075B7B6,A0A075B7B8,A0A075B7D0,A0A075B7D8,A0A075B7E8,A0A075B7F0,A0A075B7F1,A0A087WSY4,A0A087WW49,A0A087WYE8,A0A0A0MS14,A0A0A0MS15,A0A0B4J1U7,A0A0B4J1V0,A0A0B4J1V1,A0A0B4J1V2,A0A0B4J1V6,A0A0B4J1V7,A0A0B4J1X5,A0A0B4J1X8,A0A0B4J1Y9,A0A0B4J2B6,A0A0B4J2B8,A0A0B4J2H0,A0A0C4DH29,A0A0C4DH30,A0A0C4DH31,A0A0C4DH32,A0A0C4DH33,A0A0C4DH34,A0A0C4DH35,A0A0C4DH36,A0A0C4DH38,A0A0C4DH39,A0A0C4DH41,A0A0C4DH42,A0A0C4DH43,A0A0G2JMI3,A0A0J9YVY3,A0A0J9YW62,A0A0J9YWU9,A0A0J9YX35,A0A0J9YXX1,A0A0J9YY99,A0A5B9,A0M8Q6,B7Z8K6,B9A064,O00187,P00736,P01024,P01031,P01742,P01743,P01762,P01763,P01764,P01766,P01767,P01768,P01772,P01780,P01782,P01814,P01817,P01824,P01825,P01834,P01850,P01854,P01857,P01859,P01860,P01861,P01871,P01876,P01877,P01880,P02741,P02743,P02745,P02746,P02747,P02748,P04003,P05155,P05156,P06331,P06681,P07357,P07358,P07360,P08174,P09871,P0C0L4,P0C0L5,P0CF74,P0CG04,P0DOY2,P0DOY3,P0DP01,P0DP02,P0DP03,P0DP04,P0DP06,P0DP07,P0DP08,P10643,P10909,P11226,P13671,P15529,P15814,P17927,P20023,P20851,P23083,Q07021,Q5VX71,Q9NZP8,S4R3C0
28	122	O14593,O15156,O15379,O43680,O43809,O43823,O60260,O75376,O75496,O75626,O94776,O94983,P04637,P07900,P08047,P08238,P09874,P0DMV8,P0DMV9,P10071,P10276,P11388,P11831,P13056,P16401,P17542,P17676,P17947,P20749,P22415,P23246,P24385,P31260,P31946,P35232,P43355,P43356,P43357,P43358,P43359,P43360,P43361,P43362,P43363,P43364,P43365,P45973,P45983,P48552,P52292,P56524,P62258,Q01101,Q01664,Q02078,Q02080,Q02086,Q02880,Q04206,Q06413,Q09028,Q12834,Q13207,Q13330,Q13547,Q14103,Q14469,Q14526,Q14814,Q14839,Q15327,Q16512,Q16513,Q16526,Q16665,Q4G0X4,Q5PSV4,Q6BDS2,Q6KC79,Q6W2J9,Q7Z3K6,Q86X95,Q8IWS0,Q8IXJ6,Q8IZQ8,Q8N108,Q8N344,Q8N5D0,Q92769,Q92830,Q92831,Q969S8,Q96BF6,Q96JN0,Q96RE7,Q99638,Q99801,Q9BT49,Q9BTC8,Q9BZS1,Q9C0J9,Q9H091,Q9H2U1,Q9H7L9,Q9H9E1,Q9HCU9,Q9NP62,Q9NWD9,Q9NYF0,Q9UBN7,Q9UBP5,Q9UHI6,Q9UJU2,Q9UKT9,Q9UKV0,Q9ULX6,Q9UPR3,Q9UPW6,Q9UQL6,Q9Y466,Q9Y4K3,Q9Y618
29	121	A6NM43,E9PAV3,O00170,O14558,O14656,O14967,O15069,O15212,O15533,O43464,O60884,O60925,O75190,O75460,O75494,O75695,O75953,O76031,P02489,P02511,P02743,P05408,P06748,P07900,P08238,P0DJ07,P0DMV8,P0DMV9,P10809,P10909,P11021,P11142,P14625,P17066,P17987,P23284,P25685,P25686,P27797,P27824,P31689,P34931,P38646,P40227,P48643,P48723,P48741,P49257,P49368,P50454,P50990,P50991,P54652,P59910,P61604,P61758,P62937,P68371,P78371,Q0VDF9,Q12770,Q12931,Q13111,Q13112,Q14568,Q15185,Q15388,Q16543,Q58FF3,Q58FF6,Q58FF7,Q58FF8,Q58FG0,Q58FG1,Q5HYA8,Q6PI26,Q76MJ5,Q7L3B6,Q7Z4Q2,Q7Z6W7,Q86TM6,Q86YB8,Q8IVD9,Q8NHS0,Q8TAA5,Q8WVJ2,Q8WW22,Q8WWF6,Q8WXF0,Q92526,Q96DZ1,Q96EY1,Q96L12,Q96NT0,Q96SF2,Q99471,Q99614,Q99733,Q99832,Q9BZK3,Q9H009,Q9H173,Q9HAV7,Q9NNZ3,Q9NPJ1,Q9NQP4,Q9NUG6,Q9NYU1,Q9NYU2,Q9NZD4,Q9NZN9,Q9UBS4,Q9UDY4,Q9UHV9,Q9UQ90,Q9Y230,Q9Y266,Q9Y375,Q9Y4L1,Q9Y4W6,Q9Y5J6
30	116	A6NCW0,A6NCW7,A6NNY8,A8MUK1,A8MYZ0,C9J2P7,C9JJH3,C9JLJ4,C9JPN9,C9JVI0,D6R901,D6R9N7,D6RA61,D6RBM5,D6RBQ6,D6RCP7,D6RJB6,O00303,O00487,O00507,O75317,O75604,O94782,O94966,O95630,P09936,P0C7H9,P0C7I0,P15374,P21580,P35125,P40818,P45974,P46736,P51784,P54252,P54578,P62068,Q01804,Q0WX57,Q13107,Q14694,Q15040,Q3LFD5,Q4G0A6,Q504Q3,Q53GS9,Q5D1E8,Q5T2D3,Q5VV17,Q5VVJ2,Q5VVQ6,Q6GQQ9,Q6QN14,Q6R6M4,Q70CQ1,Q70CQ2,Q70CQ3,Q70CQ4,Q70EK8,Q70EK9,Q70EL1,Q70EL2,Q70EL3,Q70EL4,Q7L8S5,Q7RTZ2,Q86T82,Q86UV5,Q8N594,Q8N5J2,Q8N6M0,Q8NB14,Q8NBR6,Q8NFA0,Q8TAC2,Q8TE49,Q8TEY7,Q92560,Q92844,Q92890,Q92995,Q93008,Q93009,Q96AP4,Q96BN8,Q96DC9,Q96FJ0,Q96FW1,Q96G74,Q96JH7,Q96K76,Q96RU2,Q9BSY9,Q9BXU7,Q9H0E7,Q9H3M9,Q9H8M7,Q9H9J4,Q9HBJ7,Q9NP73,Q9NQC7,Q9NVE5,Q9P275,Q9P2H5,Q9UGI0,Q9UHP3,Q9UK80,Q9UMW8,Q9UPT9,Q9UPU5,Q9Y2K6,Q9Y4E8,Q9Y5K5,Q9Y5T5,Q9Y6I4
31	114	A0A087WVF3,A0A087WXS9,A0A087X179,A0A087X1G2,A0A2R8YFR7,A6NDS4,A6NER0,A6NI28,B9A6J9,O00585,O14907,O15013,O43147,O43166,O43927,O60292,O60343,O60347,O60447,O94989,O95267,O95759,O95996,P0C7X1,P11274,P20783,P21709,P29317,P31751,P32248,P35125,P41221,P42331,P46060,P46108,P46109,P47736,P54922,P84095,Q0IIM8,Q12774,Q12979,Q13009,Q13972,Q14160,Q14289,Q14511,Q16288,Q2M2D7,Q2NKQ1,Q2PPJ7,Q3MII6,Q4KMP7,Q52LW3,Q5R372,Q5TC63,Q5VT97,Q5VV41,Q5VVW2,Q66K14,Q684P5,Q6DHY5,Q6GYQ0,Q6IPX1,Q6P1M0,Q6ZT07,Q6ZW31,Q765P7,Q7Z5H3,Q86TI0,Q86UD7,Q86X10,Q86Z20,Q8IV04,Q8IVF5,Q8IW93,Q8IYL9,Q8IYX1,Q8IZP1,Q8N264,Q8N5V2,Q8TBP0,Q8TC07,Q8TEA7,Q8WUA7,Q92574,Q92609,Q92619,Q92738,Q92949,Q96C34,Q96CN4,Q96DR7,Q96FS4,Q96HU1,Q96N67,Q99755,Q9BXI6,Q9BYX2,Q9GZM8,Q9H6U6,Q9H8V3,Q9HA65,Q9NU19,Q9NVG8,Q9P0N9,Q9P107,Q9P258,Q9P2F8,Q9P2M4,Q9ULV4,Q9UPU7,Q9Y2I9,Q9Y3P9
32	109	O00255,O14682,O14924,O14929,O14936,O15265,O15527,O43294,O43592,O43823,O60216,O60870,O75400,O95239,O95619,P02545,P04637,P05787,P08670,P09486,P09884,P09917,P10242,P17676,P20700,P22626,P23246,P23528,P25490,P27708,P29590,P43243,P49454,P50747,P52272,P52824,P54132,P54252,P54253,P54259,P60900,P61962,P80723,Q00839,Q01826,Q02643,Q05513,Q05655,Q05823,Q06455,Q0D2I5,Q13216,Q13427,Q13573,Q14149,Q14469,Q14683,Q14980,Q15233,Q2VIQ3,Q5BKZ1,Q5EE01,Q5HY92,Q5T3J3,Q5VTD9,Q6X4W1,Q6ZW49,Q7L5Y9,Q7RTV0,Q8IYB3,Q8N2W9,Q8N3U4,Q8NEA9,Q8WVM7,Q8WXF1,Q8WYP5,Q96FV9,Q96IK5,Q96KR7,Q96SB4,Q96T88,Q99623,Q99684,Q99973,Q9BSI4,Q9BX66,Q9GZX5,Q9H165,Q9H254,Q9H7S9,Q9H7Z6,Q9HD42,Q9P0U4,Q9UHK0,Q9UHV8,Q9UIS9,Q9UKZ4,Q9ULX6,Q9UPN6,Q9UPW6,Q9UQE7,Q9Y230,Q9Y265,Q9Y281,Q9Y618,Q9Y696,Q9Y6D6,Q9Y6K1,Q9Y6X9
33	108	O00165,O00291,O00329,O00585,O14713,O14788,O43597,O60896,O95429,P00533,P00742,P01133,P01137,P01308,P01344,P01375,P04085,P05556,P06213,P07203,P07900,P07949,P07996,P08069,P08238,P08581,P08709,P09038,P09919,P10147,P10599,P10747,P10997,P11362,P12931,P13725,P13726,P14317,P17813,P23771,P24593,P30530,P30988,P30990,P32121,P32248,P35232,P36222,P36897,P40225,P41159,P42330,P42336,P42338,P48736,P49238,P52895,P56270,P78325,P78423,P98164,Q01726,Q02297,Q02763,Q04912,Q05397,Q07021,Q12913,Q13188,Q13591,Q13641,Q14116,Q14393,Q15389,Q1W6H9,Q5GJ75,Q5T7M4,Q6NSJ0,Q6R327,Q6UXV0,Q6ZVD7,Q86UE4,Q86VY4,Q8N0V5,Q8WYR1,Q969H8,Q96AC1,Q96D21,Q99075,Q99497,Q99571,Q99687,Q99731,Q99829,Q99972,Q99988,Q9BXJ1,Q9BXM7,Q9BZF1,Q9H244,Q9H9Z2,Q9NPH5,Q9NPH9,Q9NQ75,Q9NQB0,Q9NQC3,Q9Y251,Q9Y4C4
34	107	A2RUB6,O00592,O14713,O15018,O15078,O43379,O43809,O60271,O60733,O75154,O75665,O75800,O75923,O75955,O94830,O94886,O95613,P05062,P05783,P09172,P11413,P24394,P33176,P36957,P42081,P51843,P53350,P54725,P62491,Q00013,Q02763,Q02833,Q02962,Q03518,Q04759,Q12873,Q13045,Q14145,Q14498,Q15154,Q15398,Q2KHM9,Q2TAC2,Q3SYG4,Q49A88,Q4AC94,Q4JDL3,Q53EZ4,Q53G59,Q5T3J3,Q6DT37,Q6PIZ9,Q6UVJ0,Q70YC5,Q719H9,Q71F23,Q76N32,Q7RTR2,Q7Z4H7,Q7Z7A4,Q86SQ7,Q86UY6,Q86VS8,Q86YF9,Q86YS7,Q8IW35,Q8IYE1,Q8IZS7,Q8N3I7,Q8NI35,Q8WVR3,Q8WXW3,Q8WYR1,Q96FT9,Q96MB7,Q96NB1,Q96PY6,Q96R06,Q96RK4,Q9BRT3,Q9BUL9,Q9BXF6,Q9BZ67,Q9BZI7,Q9C0H6,Q9H0I3,Q9H1Z4,Q9H5J8,Q9HC98,Q9NPB6,Q9NPG3,Q9NRM6,Q9NRM7,Q9P209,Q9P278,Q9UHG0,Q9UIA0,Q9ULJ1,Q9UPN4,Q9UPT5,Q9Y2D8,Q9Y448,Q9Y5A9,Q9Y5K6,Q9Y6A5,Q9Y6K8,Q9Y6R9
35	106	E9PB15,O00499,O14558,O14746,O14775,O14976,O15212,O15392,O43615,O43808,O60260,O60884,O75190,O75347,O75953,O95429,O95433,O95816,O95817,P00441,P00450,P00747,P01889,P02675,P02751,P02768,P02786,P04156,P04275,P04637,P05023,P10636,P10809,P10909,P11021,P11142,P11441,P13569,P13637,P25685,P25686,P27797,P28799,P30040,P30304,P31689,P46527,P50993,P53634,P54652,P55011,P59910,P61604,P62072,P98164,Q02218,Q04656,Q07812,Q13217,Q13490,Q14108,Q14469,Q15185,Q15813,Q15814,Q16543,Q16611,Q5SXM8,Q6ZRF8,Q719I0,Q7L3B6,Q7L5D6,Q7Z6W7,Q86TM6,Q86YL7,Q8IWL3,Q8IXB1,Q8NHS0,Q8TAA5,Q8TF40,Q8WW22,Q8WWF6,Q8WXX5,Q92574,Q92995,Q96A04,Q96KC8,Q96M98,Q99933,Q9BTW9,Q9BUR4,Q9BVA6,Q9HAV7,Q9HCN8,Q9NQM4,Q9NQP4,Q9NZJ4,Q9P278,Q9UBS3,Q9UDY4,Q9UKV5,Q9UL15,Q9UNE7,Q9Y2Z0,Q9Y4L1,Q9Y5J7
36	105	G2XKQ0,O00327,O14746,O43293,O43566,O60934,O75113,O75427,O75925,O75928,O95361,O95551,O96006,O96017,P04637,P06400,P12755,P13056,P14373,P15927,P16150,P23497,P27694,P29590,P33076,P42345,P43356,P45973,P46100,P49959,P50750,P54132,P54198,P55854,P60228,P60484,P61244,P61956,P63165,P63279,P78317,P80723,Q00613,Q01130,Q01826,Q02447,Q05516,Q06609,Q12873,Q13137,Q13164,Q13342,Q13472,Q13501,Q13535,Q13569,Q14149,Q14164,Q16621,Q5VWP3,Q6NT76,Q6PCD5,Q6ZNA4,Q86TB9,Q86UA6,Q86Z02,Q8IXH6,Q8IY18,Q8IZQ1,Q8N2W9,Q8N365,Q8NG50,Q92547,Q92794,Q93009,Q96A56,Q96AZ6,Q96EB6,Q96EP1,Q96MF7,Q96QF7,Q96SB8,Q99497,Q99607,Q9BZR9,Q9GZV1,Q9H254,Q9H2X6,Q9H422,Q9HBH9,Q9HC62,Q9NPG3,Q9NQB0,Q9NRA8,Q9NS56,Q9NT68,Q9NVV9,Q9UBK2,Q9UBW7,Q9UER7,Q9UKL3,Q9ULX6,Q9Y252,Q9Y2M5,Q9Y4E5
37	103	A0A0G2JLE6,A0A140TA64,A0A140TA67,A6NCN2,A8MTY7,A8MUX0,A8MVA2,A8MX34,A8MXZ3,G5E9R7,O43790,O75690,O76013,O95678,P02533,P02538,P04259,P04264,P05783,P05787,P08729,P0C5Y4,P0C7H8,P12035,P13645,P13646,P13647,P19013,P26371,P31944,P35908,P48668,P48729,P58107,P59990,P59991,P60014,P60328,P60329,P60331,P60368,P60369,P60370,P60371,P60372,P60409,P60410,P60411,P60412,P60413,P78385,P78386,Q01546,Q07627,Q14533,Q14CN4,Q3LI83,Q3SY84,Q5XKE5,Q6L8G4,Q6L8G5,Q6L8G8,Q6L8G9,Q6L8H1,Q6L8H2,Q6L8H4,Q6ZRV2,Q701N2,Q701N4,Q7RTS7,Q7Z3Z0,Q7Z794,Q86Y46,Q8IUG1,Q8N1N4,Q8TES7,Q99527,Q9BQ66,Q9BT92,Q9BYP9,Q9BYQ0,Q9BYQ2,Q9BYQ3,Q9BYQ4,Q9BYQ5,Q9BYQ6,Q9BYQ7,Q9BYQ8,Q9BYQ9,Q9BYR0,Q9BYR2,Q9BYR3,Q9BYR4,Q9BYR5,Q9BYR6,Q9BYR7,Q9BYR8,Q9BYR9,Q9BYS1,Q9BYT5,Q9BYU5,Q9NSB2,Q9NSB4
38	100	A0A0G2JMS6,A8K2U0,A8MTL9,A8MV23,O43278,O43291,O60575,O75635,O75830,O95428,O95925,O95980,P00995,P01008,P01009,P01011,P01019,P01023,P02760,P03973,P04196,P05067,P05120,P05121,P05154,P05155,P05543,P05546,P07093,P07355,P08185,P08697,P09958,P0C7L1,P10646,P12111,P19823,P19827,P19957,P20155,P20742,P20848,P23352,P29508,P29622,P30086,P30740,P35237,P36952,P36955,P48307,P48594,P48595,P49223,P50452,P50453,P50454,P58062,Q02388,Q06033,Q06481,Q08629,Q14508,Q14624,Q1W4C9,Q2UY09,Q5DT21,Q6IE36,Q6IE37,Q6IE38,Q6UDR6,Q6UWN8,Q6UXR4,Q6UXX5,Q6YHK3,Q86U17,Q86UX2,Q86WD7,Q8IUA0,Q8IUB2,Q8IUB3,Q8IUB5,Q8IW75,Q8IZJ3,Q8NEX5,Q8NEX6,Q8TCV5,Q8TEU8,Q8WWY7,Q96NZ8,Q96P15,Q96P63,Q99574,Q9H1F0,Q9HC57,Q9NQ38,Q9NZV1,Q9UHG2,Q9UIV8,Q9UK55
39	100	O00189,O14662,O14828,O15126,O15127,O43747,O43752,O43795,O60499,O75110,O75185,O75379,O75473,O94812,O94955,P01903,P01906,P01909,P01911,P01920,P04233,P04440,P05067,P05538,P09496,P11717,P13762,P20036,P20340,P20645,P34969,P35670,P40616,P42857,P51151,P53365,P53367,P56377,P61006,P61966,P79483,P83436,Q00610,Q04656,Q10567,Q11201,Q13636,Q13795,Q14746,Q15334,Q15836,Q30154,Q4ADV7,Q5SYC1,Q5VIR6,Q6ULP2,Q71RS6,Q7Z6M1,Q86V35,Q86YS6,Q8IUQ0,Q8N1B4,Q8N2H4,Q8TAC9,Q8TCQ1,Q8WTW3,Q92546,Q92738,Q969E2,Q96AJ9,Q96BZ4,Q96DZ5,Q96F83,Q96JB2,Q96MW5,Q96N21,Q96PC3,Q9BSE2,Q9BSW2,Q9BXS5,Q9BXU9,Q9H1H9,Q9H4A5,Q9H9E3,Q9HBX8,Q9HC07,Q9NRD5,Q9NX62,Q9P1Q0,Q9UID3,Q9UMX3,Q9UP83,Q9UPM8,Q9Y231,Q9Y2V7,Q9Y328,Q9Y587,Q9Y5R2,Q9Y6B7,Q9Y6Q5
40	99	A6NI73,O00182,O00206,O15455,O43353,O43914,O60603,O60674,O75995,O95267,O95760,O95786,P00973,P01579,P01583,P02763,P02776,P04792,P04839,P05067,P05231,P06729,P06858,P07996,P08571,P08575,P09429,P10147,P10909,P13498,P13747,P14174,P15260,P16150,P16671,P16885,P18428,P19652,P20160,P22894,P25105,P27986,P28908,P29323,P29460,P29728,P30046,P40763,P41159,P41221,P41597,P43405,P49137,P49768,P58753,P61371,Q02952,Q03989,Q06124,Q08211,Q09428,Q12913,Q13158,Q13467,Q13546,Q14934,Q15109,Q15399,Q15672,Q16552,Q5S007,Q7Z434,Q8IUC6,Q8N149,Q8TDQ0,Q92769,Q92974,Q96A25,Q99731,Q99836,Q9BUD6,Q9BXJ3,Q9BXN2,Q9BYX4,Q9BZ67,Q9H257,Q9HC29,Q9HC78,Q9NPF7,Q9NR96,Q9NRA0,Q9NVD3,Q9UIB8,Q9ULZ3,Q9Y239,Q9Y6D0,Q9Y6D5,Q9Y6K5,Q9Y6Y9
